,dv,1,2,3,4,5,6,7,8,9,10
0,1.02,0.29521167278289795,0.3506745994091034,0.3439064621925354,0.3227403163909912,0.38262051343917847,0.4100249409675598,0.35284292697906494,0.3188234567642212,0.31491637229919434,0.38892698287963867
1,1.02,0.6111265420913696,0.9616798162460327,0.7874215245246887,0.5829366445541382,1.3989620208740234,1.4162635803222656,0.8048651218414307,0.8189666271209717,0.6679500937461853,1.076567530632019
2,1.02,0.448552668094635,0.6135881543159485,0.4806646704673767,0.482243150472641,1.427541971206665,0.9291098117828369,0.5633512139320374,0.594997763633728,0.487756609916687,0.800324559211731
3,1.02,0.21953290700912476,0.25117242336273193,0.25381404161453247,0.2522701621055603,0.5566180944442749,0.4110323190689087,0.20965422689914703,0.2578650414943695,0.21412885189056396,0.3875654637813568
4,1.02,0.6350263953208923,0.6976747512817383,0.5410383939743042,0.3811197280883789,0.9711776375770569,0.6063945293426514,0.6061825752258301,0.5699295997619629,0.5035797357559204,0.44798022508621216
5,1.02,0.39795780181884766,0.5605491995811462,0.5592707395553589,0.5486364364624023,0.8459043502807617,1.0910346508026123,0.48074865341186523,0.5238533616065979,0.527305543422699,0.9541667699813843
6,1.02,0.17993545532226562,0.21172668039798737,0.21656259894371033,0.14915333688259125,0.18559417128562927,0.22379441559314728,0.14048856496810913,0.19469448924064636,0.19275811314582825,0.18913637101650238
7,1.02,0.29269328713417053,0.29262402653694153,0.33059245347976685,0.2812398672103882,0.48486655950546265,0.4072470963001251,0.2605007290840149,0.3213362693786621,0.3151910901069641,0.3500674068927765
8,1.02,0.29266467690467834,0.3606452941894531,0.3110817074775696,0.3002086281776428,0.37661415338516235,0.4043431282043457,0.3432524800300598,0.2671806216239929,0.303366482257843,0.3886887729167938
9,1.02,0.25917649269104004,0.24103817343711853,0.23749233782291412,0.24547606706619263,0.32607176899909973,0.24569562077522278,0.26682591438293457,0.2725861072540283,0.2692253291606903,0.2550145983695984
10,1.02,0.3901450037956238,0.528457522392273,0.5174225568771362,0.7974320650100708,0.788770854473114,0.7097200751304626,0.6612396240234375,0.48258358240127563,0.48703473806381226,0.9759203195571899
11,1.02,0.3565281927585602,0.34577256441116333,0.3222041726112366,0.37462881207466125,0.7410864233970642,0.43667083978652954,0.3124164938926697,0.47971925139427185,0.41884398460388184,0.4785814881324768
12,1.02,0.24295732378959656,0.32234907150268555,0.2174828052520752,0.5351544618606567,0.8002395033836365,0.5131518244743347,0.26605337858200073,0.34799936413764954,0.30750662088394165,0.8274734616279602
13,1.02,0.4793131351470947,0.7047696113586426,0.7057441473007202,0.760481059551239,0.6287116408348083,0.8418263792991638,0.7835041284561157,0.6142945289611816,0.7047410011291504,0.542203426361084
14,1.02,0.15630683302879333,0.31476372480392456,0.2111586332321167,0.41869914531707764,0.6352011561393738,0.45728084444999695,0.2470921277999878,0.22971896827220917,0.24219976365566254,0.6681691408157349
15,1.02,0.38504454493522644,0.5298969149589539,0.4955754578113556,0.5535222887992859,0.48715049028396606,0.49542587995529175,0.605898380279541,0.4637315273284912,0.5225545167922974,0.3755538761615753
16,1.02,0.3051164746284485,0.26631706953048706,0.25541818141937256,0.31622496247291565,0.4789718985557556,0.3044758439064026,0.2935621738433838,0.34096506237983704,0.33477669954299927,0.3933574855327606
17,1.02,0.288424015045166,0.3373293876647949,0.375110924243927,0.37510302662849426,0.433003693819046,0.36526480317115784,0.3327503204345703,0.291422039270401,0.32845625281333923,0.3706800937652588
18,1.02,0.24494634568691254,0.2491006851196289,0.2486010640859604,0.25184112787246704,0.2573893070220947,0.24546948075294495,0.2576129138469696,0.248615562915802,0.2501133680343628,0.2507210969924927
19,1.02,0.6511175632476807,0.9036216735839844,0.7890757322311401,0.5418658256530762,0.6764470338821411,0.7482525706291199,0.603074848651886,0.597499668598175,0.5741207599639893,0.777104377746582
20,1.02,1.5651785135269165,1.8622486591339111,1.6538697481155396,1.0155035257339478,1.256758213043213,1.6467077732086182,1.1352952718734741,1.1880496740341187,1.1646625995635986,1.695036768913269
21,1.02,1.959484577178955,2.716078281402588,2.350471258163452,1.6204330921173096,1.836364507675171,2.2455649375915527,1.711561679840088,1.7826710939407349,1.7289292812347412,2.304363250732422
22,1.02,1.030928134918213,1.2026524543762207,0.9127064943313599,1.0466110706329346,1.0319359302520752,0.9005248546600342,0.9496175050735474,0.9712597131729126,0.9293169379234314,0.98435378074646
23,1.02,0.9585946202278137,1.0852251052856445,1.0046677589416504,0.6091828346252441,0.8376777172088623,0.9649993181228638,0.6859424710273743,0.7055755853652954,0.6572039723396301,0.9761862754821777
24,1.02,0.7239506244659424,0.9929940700531006,0.7826690673828125,0.7590120434761047,0.8079268932342529,0.7675789594650269,0.732516348361969,0.7441778779029846,0.731412947177887,0.836337685585022
25,1.02,0.6993278861045837,0.9127684831619263,0.7954944968223572,0.5692976713180542,0.6984987258911133,0.7832430005073547,0.643028736114502,0.620629072189331,0.6287542581558228,0.8219871520996094
26,1.02,0.5835017561912537,0.517621636390686,0.4473428726196289,0.4668968617916107,0.8001644015312195,0.4632260203361511,0.4635639190673828,0.4394603371620178,0.45917224884033203,0.5148285627365112
27,1.02,0.2794300317764282,0.29451984167099,0.4204198718070984,0.43912261724472046,0.5336946249008179,0.475261926651001,0.35788828134536743,0.28127387166023254,0.3494541645050049,0.24499714374542236
28,1.02,0.22522178292274475,0.28799524903297424,0.2842898368835449,0.3421682119369507,0.4591348171234131,0.3535040020942688,0.2826005816459656,0.24084797501564026,0.3103165030479431,0.3648970127105713
29,1.02,0.43520328402519226,0.7173281908035278,1.0023839473724365,0.9379127025604248,1.0661499500274658,1.0196601152420044,0.7385340929031372,0.5766720771789551,0.6274871826171875,0.2371053397655487
30,1.02,0.47268441319465637,0.7262605428695679,1.003177523612976,0.9368995428085327,1.1367685794830322,1.019803762435913,0.7427024841308594,0.6042779088020325,0.6348498463630676,0.24110543727874756
31,1.02,0.4500764012336731,0.2103378176689148,0.21733449399471283,0.3389907479286194,0.7285028100013733,0.23724263906478882,0.21718034148216248,0.4294062852859497,0.425126850605011,0.7084483504295349
32,1.02,0.22618940472602844,0.27136531472206116,0.36984649300575256,0.39021509885787964,0.5274913311004639,0.34598201513290405,0.21684658527374268,0.30882787704467773,0.2635248005390167,0.4305971562862396
33,1.02,0.5254677534103394,0.3730660676956177,0.43417659401893616,0.5926074385643005,1.1006786823272705,0.4478578567504883,0.2957662343978882,0.6170089244842529,0.6212613582611084,1.0247039794921875
34,1.02,0.41862398386001587,0.3904377520084381,0.236398845911026,0.5140748620033264,0.9805210828781128,0.3989696800708771,0.4212608337402344,0.5999492406845093,0.7271267771720886,1.1894400119781494
35,1.02,0.13755950331687927,0.17127841711044312,0.21247851848602295,0.20359519124031067,0.23017948865890503,0.2473974972963333,0.24953101575374603,0.21261079609394073,0.27193179726600647,0.282866507768631
36,1.02,0.30151036381721497,0.4482974708080292,0.5384609699249268,0.48696786165237427,0.4955274760723114,0.595990777015686,0.5683908462524414,0.4043135643005371,0.5700221061706543,0.48391568660736084
37,1.02,0.23484115302562714,0.38784468173980713,0.2824321389198303,0.42645496129989624,0.6753103733062744,0.4298374354839325,0.4014938175678253,0.3781607449054718,0.5185239911079407,0.7554303407669067
38,1.02,0.4409354627132416,0.6292270421981812,0.6135483980178833,0.5751919746398926,0.6355568170547485,0.6939089894294739,0.7074268460273743,0.5539308786392212,0.7235952615737915,0.6821771860122681
39,1.02,0.42384397983551025,0.39994490146636963,0.46739840507507324,0.44690802693367004,0.5509421825408936,0.4164449870586395,0.4124642312526703,0.4737040400505066,0.40992021560668945,0.4443906247615814
40,1.02,0.3111572265625,0.3911658525466919,0.557361364364624,0.5259783864021301,0.7527405023574829,0.616621732711792,0.5035843849182129,0.3623231053352356,0.516331672668457,0.35901641845703125
41,1.02,0.5670861005783081,0.583143413066864,0.5669001936912537,0.49347564578056335,0.4435688555240631,0.5744876265525818,0.5088032484054565,0.5641516447067261,0.5667741298675537,0.529362142086029
42,1.02,1.01934814453125,1.123701810836792,1.0093729496002197,0.886573851108551,0.6980570554733276,1.0239075422286987,0.8794744610786438,1.0158271789550781,1.0670504570007324,0.9862605929374695
43,1.02,0.5203505754470825,0.4938926696777344,0.4057706892490387,0.501495361328125,0.5312014818191528,0.4175944924354553,0.4715672731399536,0.3744542896747589,0.48017269372940063,0.6249117255210876
44,1.02,0.5037140250205994,0.7516506910324097,0.5689795017242432,0.4538123607635498,0.41647541522979736,0.5745866298675537,0.5253476500511169,0.4110577702522278,0.5210151076316833,0.6035818457603455
45,1.02,0.9933794140815735,0.8958919048309326,0.8651875257492065,0.8750766515731812,0.7229309678077698,0.8781419396400452,0.794560432434082,0.9723747372627258,0.9971245527267456,0.9406786561012268
46,1.02,0.5148066282272339,0.6719177961349487,0.5627371668815613,0.48959973454475403,0.5126399397850037,0.5903461575508118,0.5226083397865295,0.46921366453170776,0.5744426250457764,0.602043628692627
47,1.02,0.35049304366111755,0.3065944314002991,0.3215886652469635,0.3268252909183502,0.3546992838382721,0.3322387635707855,0.31390929222106934,0.34003376960754395,0.35238802433013916,0.34776073694229126
48,1.02,0.25047701597213745,0.2592424750328064,0.2540740966796875,0.25079095363616943,0.2576630711555481,0.24909216165542603,0.265946626663208,0.24967093765735626,0.24566371738910675,0.2585966885089874
49,1.02,0.816281795501709,0.6417056322097778,0.7667052745819092,0.7547827959060669,0.6619779467582703,0.6177016496658325,0.6640995740890503,0.7228859663009644,0.78395676612854,0.8163542747497559
50,1.02,0.5124737024307251,0.6855344772338867,0.5239307284355164,0.3978092670440674,0.44885316491127014,0.5750884413719177,0.6156704425811768,0.427916556596756,0.40523192286491394,0.612209141254425
51,1.02,1.3092494010925293,1.479677438735962,1.0858509540557861,0.9917581677436829,0.6805003881454468,1.546558141708374,1.494864583015442,1.0813143253326416,0.9581350088119507,1.453635811805725
52,1.02,1.0509788990020752,0.6657203435897827,0.7008023262023926,0.7426567673683167,0.7198213934898376,0.9074455499649048,0.8792001008987427,0.5099538564682007,0.8220179080963135,1.1398065090179443
53,1.02,1.1465364694595337,1.0640429258346558,0.877327561378479,1.0013689994812012,0.6330033540725708,1.3681306838989258,1.2505874633789062,0.7995302677154541,0.974727988243103,1.169851303100586
54,1.02,1.1018927097320557,0.713036060333252,0.8539674282073975,0.48472756147384644,1.1238104104995728,0.6444843411445618,0.7535215616226196,0.8007339239120483,0.8775466680526733,1.0978667736053467
55,1.02,1.4493943452835083,1.4810742139816284,1.5552735328674316,1.1451832056045532,0.6854715943336487,1.706820011138916,1.596091389656067,1.2764616012573242,1.1955448389053345,2.0126025676727295
56,1.02,0.5890471935272217,0.6221534013748169,0.48346662521362305,0.19092924892902374,0.6022000312805176,0.5166245698928833,0.5284326672554016,0.5741391181945801,0.5005977153778076,0.5095102190971375
57,1.02,1.0064241886138916,1.104705572128296,1.1727209091186523,0.8670843839645386,0.42878711223602295,1.2699618339538574,1.1755061149597168,0.75746089220047,0.8587523698806763,1.4876160621643066
58,1.02,0.3420833349227905,0.35106754302978516,0.4304908812046051,0.38812440633773804,0.3611501157283783,0.38372868299484253,0.3733140528202057,0.3376552164554596,0.41880419850349426,0.5673305988311768
59,1.02,0.3661339282989502,0.3492262363433838,0.3411386013031006,0.4154670238494873,0.3958456516265869,0.380962073802948,0.3737449049949646,0.36546358466148376,0.40261948108673096,0.37770599126815796
60,1.02,0.868283748626709,0.8499266505241394,0.8768599033355713,0.9417415857315063,0.9278504848480225,1.1044546365737915,0.860632061958313,0.4494172930717468,0.9971265196800232,0.9986326098442078
61,1.02,0.6541978120803833,0.8593176603317261,0.567023515701294,0.8087279200553894,0.9138944149017334,0.4999435544013977,0.6803746819496155,0.467092901468277,0.5654090642929077,0.4046728014945984
62,1.02,0.3480168581008911,0.3656955659389496,0.3961251974105835,0.27772167325019836,0.29163384437561035,0.3658928871154785,0.3321690559387207,0.2836097180843353,0.38784661889076233,0.4384337067604065
63,1.02,0.27148258686065674,0.2681715786457062,0.2304902821779251,0.34967803955078125,0.3378358483314514,0.2798132300376892,0.29017335176467896,0.16499662399291992,0.29492485523223877,0.2528229057788849
64,1.02,0.6469564437866211,0.7604254484176636,0.6857156157493591,0.5947667360305786,0.685978889465332,0.600766122341156,0.6700140833854675,0.6559568643569946,0.6623125672340393,0.6552813053131104
65,1.02,0.23057496547698975,0.30957716703414917,0.2463962584733963,0.23234891891479492,0.25794076919555664,0.30335816740989685,0.22916243970394135,0.1784006655216217,0.20845139026641846,0.2214791178703308
66,1.02,0.4513576030731201,0.4701106548309326,0.5368425250053406,0.33236443996429443,0.41140511631965637,0.5327861309051514,0.38361722230911255,0.32502326369285583,0.5103544592857361,0.61636883020401
67,1.02,0.26644158363342285,0.255573570728302,0.2671945095062256,0.2813780605792999,0.26548969745635986,0.3061346411705017,0.2352009415626526,0.2424447387456894,0.3263706862926483,0.31242430210113525
68,1.02,0.36805546283721924,0.3924175500869751,0.38281288743019104,0.36481189727783203,0.38828667998313904,0.37655651569366455,0.3988603949546814,0.37512245774269104,0.36722636222839355,0.3755182921886444
69,1.02,0.8982691764831543,1.0666260719299316,1.014703392982483,0.8655239343643188,0.7996588945388794,1.0359526872634888,1.0130219459533691,1.0901474952697754,1.1353027820587158,1.0273138284683228
70,1.02,0.7719770669937134,0.840499758720398,0.7675769329071045,0.680316150188446,0.9450088739395142,0.7948253750801086,0.8806542158126831,0.9238602519035339,1.0002714395523071,0.7765631675720215
71,1.02,0.5218260288238525,0.7287290692329407,0.5573992729187012,0.532181978225708,0.5016735792160034,0.5837771892547607,0.5316171646118164,0.4300363063812256,0.5494317412376404,0.5293596386909485
72,1.02,0.40806591510772705,0.4875679612159729,0.42914628982543945,0.39452803134918213,0.46525439620018005,0.43489211797714233,0.4620929956436157,0.5364808440208435,0.5436584949493408,0.4608982801437378
73,1.02,0.8244761824607849,0.8974018096923828,0.9167202711105347,0.7986682057380676,0.8131051063537598,0.9510120749473572,0.895514726638794,0.9258254766464233,1.008946418762207,0.9452104568481445
74,1.02,0.6492999792098999,0.7506868243217468,0.7014940977096558,0.6483434438705444,0.6476050019264221,0.7156704068183899,0.7409951090812683,0.8278840780258179,0.826280951499939,0.7031834125518799
75,1.02,0.3812662959098816,0.45322340726852417,0.39653241634368896,0.34521085023880005,0.31122061610221863,0.38594430685043335,0.4131315350532532,0.29685255885124207,0.3471284508705139,0.3434256911277771
76,1.02,0.40267354249954224,0.47141677141189575,0.45057356357574463,0.3891345262527466,0.5303438901901245,0.45289215445518494,0.4919361472129822,0.5732125639915466,0.5722245573997498,0.49798452854156494
77,1.02,0.24384360015392303,0.24940231442451477,0.2511712908744812,0.2584659457206726,0.251911997795105,0.24537338316440582,0.2577745318412781,0.24242520332336426,0.2486361265182495,0.24680542945861816
78,1.02,1.2275723218917847,1.2353065013885498,0.6914554834365845,1.1135979890823364,0.8491834402084351,1.4881489276885986,1.130683422088623,1.1643297672271729,1.1356923580169678,1.4777156114578247
79,1.02,1.0427285432815552,0.8881107568740845,0.8407922983169556,0.8031715750694275,0.7493468523025513,1.5287330150604248,0.9666662216186523,0.8520293235778809,0.9445772171020508,1.211116075515747
80,1.02,1.8878772258758545,1.8271653652191162,1.212787389755249,1.5826358795166016,1.041480302810669,2.3821001052856445,1.5973278284072876,1.6808290481567383,1.6965656280517578,2.2055208683013916
81,1.02,0.76518315076828,0.7695670127868652,0.7102847099304199,0.8502270579338074,0.822597086429596,0.8740736246109009,0.9563173055648804,0.8927946090698242,0.8504612445831299,0.8198555707931519
82,1.02,1.2377185821533203,1.2628591060638428,0.7482802867889404,1.1526381969451904,0.6820690631866455,1.495347499847412,1.1423778533935547,1.0869677066802979,1.139532208442688,1.6309572458267212
83,1.02,0.5911904573440552,0.5507860779762268,0.6201665997505188,0.5550044775009155,0.581865131855011,0.7833684086799622,0.6628535389900208,0.503658652305603,0.5959464311599731,0.6600018739700317
84,1.02,1.2453083992004395,1.2359453439712524,0.7237619161605835,1.0782275199890137,0.7067257165908813,1.506524682044983,1.122083306312561,1.0911542177200317,1.1670386791229248,1.5904136896133423
85,1.02,0.24392539262771606,0.2501471936702728,0.24926874041557312,0.2584690451622009,0.2518461346626282,0.24541592597961426,0.2577289938926697,0.2480938881635666,0.2487189769744873,0.25118210911750793
86,1.02,0.7522090077400208,0.9628488421440125,0.8473993539810181,0.897736132144928,0.959291934967041,0.7825088500976562,0.7841982841491699,0.8034176826477051,0.7518162727355957,0.7936530709266663
87,1.02,0.691340446472168,0.9124279618263245,0.7182172536849976,0.7444134950637817,1.0072450637817383,0.7362304329872131,0.753684401512146,0.7333149909973145,0.696938157081604,0.7968360185623169
88,1.02,0.3684256076812744,0.44061118364334106,0.35782623291015625,0.3762834668159485,0.43919891119003296,0.3240199089050293,0.3474910259246826,0.35855674743652344,0.33515697717666626,0.35095149278640747
89,1.02,1.2944931983947754,1.4936788082122803,1.3178884983062744,1.1661226749420166,1.3056944608688354,1.410253643989563,1.1355233192443848,1.2159037590026855,1.1503175497055054,1.3293592929840088
90,1.02,0.5051738023757935,0.46266186237335205,0.3774538040161133,0.3703174591064453,0.2765745222568512,0.39247792959213257,0.3572894334793091,0.35848504304885864,0.3456270098686218,0.3698154091835022
91,1.02,0.5302558541297913,0.4502376317977905,0.38678768277168274,0.40084004402160645,0.521392822265625,0.4027559161186218,0.3905611038208008,0.37504878640174866,0.37150633335113525,0.4497256875038147
92,1.02,0.5956878662109375,0.7782834768295288,0.7507651448249817,0.6540610790252686,0.8105794191360474,0.7221041917800903,0.5910247564315796,0.6238640546798706,0.5837293863296509,0.7186081409454346
93,1.02,0.3422953486442566,0.37536248564720154,0.35502493381500244,0.37288060784339905,0.4948089122772217,0.4145577549934387,0.39964431524276733,0.3369566798210144,0.34085920453071594,0.3287963271141052
94,1.02,0.4466188848018646,0.6998719573020935,0.9419295787811279,0.8333286046981812,1.2327322959899902,0.9549078345298767,0.6106270551681519,0.6028634309768677,0.7711373567581177,0.32898372411727905
95,1.02,0.3713432550430298,0.3342234194278717,0.23946349322795868,0.3840812146663666,0.8033696413040161,0.45293277502059937,0.3508991003036499,0.46235182881355286,0.40031033754348755,0.3688507080078125
96,1.02,0.21079564094543457,0.4318653345108032,0.5337263345718384,0.5233844518661499,0.9186886548995972,0.6342443823814392,0.3451606333255768,0.3367420434951782,0.3970377445220947,0.1211346909403801
97,1.02,0.44224703311920166,0.6239140033721924,0.6180382966995239,0.5715576410293579,0.5496190190315247,0.6989637613296509,0.6798984408378601,0.5524799227714539,0.5757493376731873,0.3670755624771118
98,1.02,0.4300714433193207,0.30708828568458557,0.2918843626976013,0.38426607847213745,0.6403669118881226,0.40102827548980713,0.40324777364730835,0.4631838798522949,0.4485924541950226,0.42294102907180786
99,1.02,0.39726459980010986,0.4528457224369049,0.5187980532646179,0.4967862367630005,0.591895341873169,0.5675472021102905,0.5073732137680054,0.4547370672225952,0.4905250668525696,0.3343895673751831
100,1.02,0.36501264572143555,0.3555434048175812,0.3412933945655823,0.41527506709098816,0.3807718753814697,0.37102097272872925,0.37374573945999146,0.36511465907096863,0.40230581164360046,0.3775870203971863
101,1.02,0.36417099833488464,0.3982189893722534,0.4080609977245331,0.4000730812549591,0.3012551963329315,0.5811144113540649,0.3619762361049652,0.21796146035194397,0.42056769132614136,0.4751184582710266
102,1.02,0.20101310312747955,0.2463650107383728,0.18343448638916016,0.27320346236228943,0.21364720165729523,0.21569891273975372,0.24176663160324097,0.1557307094335556,0.19940824806690216,0.13664476573467255
103,1.02,0.2582480311393738,0.2615933418273926,0.2447456270456314,0.2859843373298645,0.25494638085365295,0.284820556640625,0.2669784128665924,0.256972074508667,0.2844858765602112,0.26177868247032166
104,1.02,0.20685681700706482,0.2700417935848236,0.2315446436405182,0.23391194641590118,0.26288753747940063,0.3629344701766968,0.22970472276210785,0.17833058536052704,0.20819702744483948,0.22087697684764862
105,1.02,0.2719656527042389,0.2989966869354248,0.3197673261165619,0.21648508310317993,0.20186522603034973,0.3942706286907196,0.23227094113826752,0.20134824514389038,0.2848914861679077,0.37040451169013977
106,1.02,0.258265882730484,0.2615993916988373,0.24574482440948486,0.28598612546920776,0.2549118995666504,0.2869221568107605,0.2669711112976074,0.25696802139282227,0.2844880223274231,0.2617550492286682
107,1.02,0.4649113714694977,0.5185620784759521,0.527766227722168,0.5451548099517822,0.5291436910629272,0.45338568091392517,0.5229604244232178,0.5412829518318176,0.4722430109977722,0.45347216725349426
108,1.02,0.5618977546691895,0.5493203401565552,0.4190252423286438,0.6412450671195984,0.5420398116111755,0.3924940824508667,0.44913485646247864,0.5361068248748779,0.36670154333114624,0.41457903385162354
109,1.02,0.30929359793663025,0.34085947275161743,0.2394980490207672,0.42689672112464905,0.4507526457309723,0.32591021060943604,0.32515090703964233,0.41540706157684326,0.18677672743797302,0.20527802407741547
110,1.02,0.17750293016433716,0.24577319622039795,0.2343287467956543,0.2566524147987366,0.23972544074058533,0.21327951550483704,0.2594810724258423,0.2362595647573471,0.10128933191299438,0.10764764249324799
111,1.02,0.42967677116394043,0.5499902963638306,0.480990469455719,0.5803696513175964,0.4953814148902893,0.4182063043117523,0.527229905128479,0.5320507287979126,0.3149210810661316,0.33659425377845764
112,1.02,0.43376946449279785,0.38948294520378113,0.4486636817455292,0.4510611891746521,0.5437976121902466,0.4389406144618988,0.4206171929836273,0.5005555748939514,0.5015076994895935,0.4610445499420166
113,1.02,0.20848536491394043,0.1265442669391632,0.12479191273450851,0.23375864326953888,0.32500147819519043,0.2301573008298874,0.15078005194664001,0.26677078008651733,0.22335587441921234,0.20004433393478394
114,1.02,0.30458664894104004,0.3846299350261688,0.40989023447036743,0.461151659488678,0.3662301003932953,0.4837823212146759,0.3858877718448639,0.2912464737892151,0.3231084942817688,0.573491632938385
115,1.02,0.331284761428833,0.4698063135147095,0.416511595249176,0.6532461643218994,0.5884151458740234,0.6133849620819092,0.2967188358306885,0.41047075390815735,0.48679789900779724,0.8575183153152466
116,1.02,0.4891878664493561,0.6669713258743286,0.38645997643470764,0.4404152035713196,1.0252351760864258,0.5596768856048584,0.41924428939819336,0.5822818279266357,0.5354758501052856,0.6298455595970154
117,1.02,0.12499429285526276,0.28639477491378784,0.2772596478462219,0.40660417079925537,0.3648572564125061,0.4035782814025879,0.21414195001125336,0.14123132824897766,0.2286737710237503,0.5598254799842834
118,1.02,0.20299217104911804,0.24880996346473694,0.2073441743850708,0.25172728300094604,0.3707927465438843,0.2894047796726227,0.2036655843257904,0.22704194486141205,0.16038070619106293,0.34208017587661743
119,1.02,0.37664955854415894,0.41699981689453125,0.3234149217605591,0.397232323884964,0.6962766051292419,0.4249351918697357,0.3295493423938751,0.42619362473487854,0.44921252131462097,0.5404219627380371
120,1.02,0.5457903146743774,0.7893431782722473,0.7629231810569763,0.8334929943084717,0.6804134845733643,0.7490811347961426,0.5672587752342224,0.5899505615234375,0.5933117270469666,0.857369065284729
121,1.02,0.37253767251968384,0.37226057052612305,0.37331897020339966,0.4293197691440582,0.382680207490921,0.33017751574516296,0.38978689908981323,0.38492414355278015,0.4148210883140564,0.3776768147945404
122,1.02,0.519359827041626,0.2429632693529129,0.3411962389945984,0.2852170169353485,0.4597223997116089,0.32044923305511475,0.29626238346099854,0.3431250751018524,0.6621756553649902,0.5951807498931885
123,1.02,0.29089367389678955,0.46005573868751526,0.28184881806373596,0.23481647670269012,0.41961005330085754,0.3046976327896118,0.2237934172153473,0.24146516621112823,0.26901018619537354,0.29071903228759766
124,1.02,0.42872709035873413,0.38997501134872437,0.38663250207901,0.43620991706848145,0.46696895360946655,0.4111418128013611,0.4401249289512634,0.41342902183532715,0.47703930735588074,0.4391067624092102
125,1.02,0.37338098883628845,0.29781827330589294,0.42146024107933044,0.28286445140838623,0.2470572292804718,0.2413104921579361,0.24060288071632385,0.3008502423763275,0.3879798352718353,0.32801881432533264
126,1.02,0.596143364906311,0.5948687791824341,0.4476656913757324,0.48877233266830444,0.8186062574386597,0.5256460309028625,0.4850216805934906,0.47473710775375366,0.6676291227340698,0.6760346293449402
127,1.02,0.330106258392334,0.35785573720932007,0.30120307207107544,0.34237414598464966,0.3550569415092468,0.35770195722579956,0.2944052815437317,0.31337541341781616,0.3195982575416565,0.25439131259918213
128,1.02,0.4006655514240265,0.4065481722354889,0.39746129512786865,0.39229661226272583,0.3972400724887848,0.5093011856079102,0.38953760266304016,0.39566344022750854,0.3967539072036743,0.37290555238723755
129,1.02,0.7514227628707886,0.4468230605125427,0.8503313660621643,0.8131374716758728,0.6564638018608093,0.7771090269088745,0.4441635310649872,0.5308057069778442,0.7681013345718384,0.3897472321987152
130,1.02,0.5394078493118286,0.3902260661125183,0.4769924283027649,0.4559233784675598,0.4889764189720154,0.398709237575531,0.19967173039913177,0.43253546953201294,0.4257447421550751,0.25555551052093506
131,1.02,0.5604802370071411,0.4614664912223816,0.532240629196167,0.6163175106048584,0.5326640605926514,0.5039395093917847,0.5177717208862305,0.4928998351097107,0.5956547260284424,0.5454151630401611
132,1.02,0.3924049139022827,0.2805766463279724,0.48203322291374207,0.28448545932769775,0.3785853981971741,0.5331494212150574,0.2508389353752136,0.25795111060142517,0.33651047945022583,0.27522531151771545
133,1.02,0.49923133850097656,0.45723873376846313,0.42139577865600586,0.5057081580162048,0.39469578862190247,0.5406705737113953,0.31910693645477295,0.45735055208206177,0.4648931920528412,0.2731034755706787
134,1.02,0.5932572484016418,0.60944002866745,0.628778874874115,0.5903577208518982,0.6818466782569885,0.551486611366272,0.4815853238105774,0.6021408438682556,0.6070526838302612,0.4395595192909241
135,1.02,0.29507482051849365,0.2686232328414917,0.3110150396823883,0.2889895439147949,0.33870333433151245,0.276915043592453,0.39621591567993164,0.32787948846817017,0.3182440996170044,0.3237743377685547
136,1.02,0.6210343837738037,0.2789555788040161,0.9048235416412354,0.6320884227752686,1.1445260047912598,0.7333799600601196,0.9254064559936523,0.8558911085128784,0.5624147653579712,0.38416704535484314
137,1.02,0.36696016788482666,0.4470488429069519,0.6865992546081543,0.39349615573883057,0.8726121187210083,0.5555577874183655,0.5760412216186523,0.45613303780555725,0.3702268600463867,0.24776612222194672
138,1.02,0.6424239873886108,0.3535327911376953,1.0080478191375732,0.5495225191116333,1.1668637990951538,0.7820609211921692,0.8712272047996521,0.8484731912612915,0.5583218336105347,0.48543787002563477
139,1.02,0.3531445860862732,0.2385927438735962,0.28407713770866394,0.2553086280822754,0.3156563639640808,0.21290907263755798,0.3534797132015228,0.3588635325431824,0.35379499197006226,0.2729184329509735
140,1.02,0.43353331089019775,0.23703719675540924,0.5110398530960083,0.41806936264038086,0.6885848641395569,0.44318923354148865,0.6212743520736694,0.5676630735397339,0.41904592514038086,0.3200889229774475
141,1.02,0.46087080240249634,0.44843727350234985,0.4142548441886902,0.3647972345352173,0.4646463394165039,0.4535439610481262,0.4696773886680603,0.47043442726135254,0.44226109981536865,0.38230133056640625
142,1.02,0.8325234055519104,1.0622912645339966,0.8621270656585693,0.8440569043159485,1.2059109210968018,0.8738499879837036,0.86366868019104,0.8326816558837891,0.8411419987678528,0.9366884827613831
143,1.02,1.848839521408081,2.6966843605041504,2.3353919982910156,1.7693772315979004,2.5086774826049805,2.1675212383270264,1.8708674907684326,1.8642334938049316,1.7976642847061157,2.2715420722961426
144,1.02,1.0429953336715698,1.203160285949707,0.9584976434707642,1.0431958436965942,1.7429394721984863,0.9296225905418396,0.9999685287475586,0.9800848960876465,0.9440445303916931,1.0344619750976562
145,1.02,1.7912794351577759,2.7529122829437256,2.372406482696533,1.6460312604904175,2.3678677082061768,2.2501657009124756,1.8211745023727417,1.8109067678451538,1.7231087684631348,2.1817879676818848
146,1.02,1.0782344341278076,1.2325716018676758,0.9570828676223755,1.0672122240066528,1.823340892791748,0.9980937242507935,1.0155448913574219,1.0044089555740356,0.9769397974014282,1.0697633028030396
147,1.02,1.3132407665252686,1.748673439025879,1.7117019891738892,1.082595944404602,1.388390302658081,1.5121458768844604,1.2543587684631348,1.1926071643829346,1.1764981746673584,1.5633708238601685
148,1.02,0.9076098203659058,1.1321306228637695,1.0174705982208252,0.7195203900337219,1.0102379322052002,1.0778629779815674,0.8100591897964478,0.7867300510406494,0.8750259280204773,1.3917118310928345
149,1.02,0.5959269404411316,0.6766970157623291,0.5745166540145874,0.6388271450996399,0.6218708157539368,0.6596689224243164,0.5391655564308167,0.5309931039810181,0.7420579195022583,0.739924430847168
150,1.02,0.9647035002708435,0.6577287912368774,0.9860715866088867,0.7239540815353394,0.7343369722366333,0.8853983283042908,0.830716609954834,0.9056100249290466,1.1996467113494873,1.07023286819458
151,1.02,1.302382230758667,1.042017936706543,1.192922830581665,0.985092043876648,0.9875500798225403,1.072975516319275,1.3981950283050537,1.0542937517166138,1.0783154964447021,1.2533104419708252
152,1.02,1.1745332479476929,0.9647946953773499,1.175018072128296,1.0545673370361328,1.019329309463501,1.1124345064163208,1.062250018119812,1.0569348335266113,1.3914625644683838,1.261771321296692
153,1.02,0.8915517330169678,0.54206383228302,0.8572841882705688,0.7027001976966858,0.7371646165847778,0.783175528049469,0.7413877248764038,0.8440126180648804,1.0169172286987305,0.9047014117240906
154,1.02,0.7313451766967773,0.911796510219574,0.8434102535247803,0.7713555097579956,0.6281314492225647,0.866108238697052,0.9220770597457886,0.9425408840179443,1.372429609298706,0.8367289900779724
155,1.02,1.224538803100586,0.7158216834068298,1.1872076988220215,0.7589585781097412,0.9821555614471436,1.0240182876586914,0.821651041507721,0.9794397354125977,1.0291227102279663,1.4778881072998047
156,1.02,0.16734182834625244,0.28174272179603577,0.26917845010757446,0.33186691999435425,0.5903410911560059,0.4309583306312561,0.2541271448135376,0.2289147675037384,0.2315613329410553,0.45948123931884766
157,1.02,0.2871438264846802,0.39515137672424316,0.4231283664703369,0.41700831055641174,0.5735700726509094,0.7873594164848328,0.343547523021698,0.3308318853378296,0.36677229404449463,0.7156572937965393
158,1.02,0.4964428246021271,0.5403826236724854,0.5001196265220642,0.3902272582054138,0.7531315088272095,0.5451915860176086,0.4708845019340515,0.45732516050338745,0.4379209578037262,0.48199230432510376
159,1.02,0.3770923316478729,0.4147423505783081,0.459554523229599,0.39660459756851196,0.5935312509536743,0.5610730648040771,0.3516491651535034,0.4180948734283447,0.4444083869457245,0.541257917881012
160,1.02,0.7662944197654724,0.8803039193153381,0.8928754329681396,0.4827154278755188,0.7319026589393616,0.7059885263442993,0.802043080329895,0.7506556510925293,0.7233161330223083,0.38399630784988403
161,1.02,0.28904998302459717,0.39136308431625366,0.39700350165367126,0.40494614839553833,0.5101233720779419,0.7330958247184753,0.34301498532295227,0.23210102319717407,0.42346426844596863,0.6872220635414124
162,1.02,0.17767024040222168,0.21184369921684265,0.23452043533325195,0.14627034962177277,0.2608918845653534,0.22214990854263306,0.14046940207481384,0.19413869082927704,0.1567656397819519,0.1891084611415863
163,1.02,0.31883683800697327,0.310359925031662,0.37065932154655457,0.29516109824180603,0.36916613578796387,0.5073565244674683,0.26577308773994446,0.32573094964027405,0.36536991596221924,0.39173758029937744
164,1.02,0.3863694667816162,0.5197617411613464,0.46594250202178955,0.35652053356170654,0.36902546882629395,0.7080115079879761,0.4933391809463501,0.2769625186920166,0.4098452031612396,0.5648240447044373
165,1.02,0.222543865442276,0.2535524368286133,0.25019341707229614,0.26050135493278503,0.24860846996307373,0.2758731245994568,0.26239803433418274,0.21649940311908722,0.2437320351600647,0.2819608449935913
166,1.02,0.314311683177948,0.3699916899204254,0.3323271870613098,0.5761715769767761,0.5143855810165405,0.5824316740036011,0.33280783891677856,0.410367488861084,0.4491446912288666,0.8143085241317749
167,1.02,0.41711652278900146,0.5336884260177612,0.43703678250312805,0.4787406623363495,0.8127269148826599,0.43389585614204407,0.5551682710647583,0.5171923637390137,0.49959349632263184,0.45001813769340515
168,1.02,0.3164745569229126,0.29962337017059326,0.2284446358680725,0.45016446709632874,0.5243188142776489,0.5476800203323364,0.23671483993530273,0.4017064571380615,0.4158658981323242,0.7116078734397888
169,1.02,0.2996954917907715,0.4276125431060791,0.43030446767807007,0.4444420635700226,0.3959914445877075,0.30732089281082153,0.46853286027908325,0.3463437557220459,0.43396058678627014,0.2817886471748352
170,1.02,0.1618843376636505,0.3550857901573181,0.3254014253616333,0.5246123671531677,0.5090615749359131,0.5669022798538208,0.2880750298500061,0.21126973628997803,0.32379040122032166,0.6580108404159546
171,1.02,0.24559156596660614,0.32411885261535645,0.27571821212768555,0.30596381425857544,0.3143945336341858,0.22009624540805817,0.3685353696346283,0.2658652663230896,0.27583691477775574,0.22405776381492615
172,1.02,0.33433637022972107,0.269636332988739,0.28856533765792847,0.2786344587802887,0.42417478561401367,0.32284101843833923,0.2750796675682068,0.3716522455215454,0.35615769028663635,0.3504334092140198
173,1.02,0.22722676396369934,0.25314220786094666,0.2502266764640808,0.2600017488002777,0.3289068937301636,0.25964540243148804,0.2632666230201721,0.22001491487026215,0.22419312596321106,0.27492469549179077
174,1.02,0.5858920216560364,0.5257797241210938,0.44654902815818787,0.4667648375034332,0.5337603092193604,0.4551955461502075,0.4631779193878174,0.43945246934890747,0.4363442063331604,0.5140022039413452
175,1.02,1.246103286743164,1.8740125894546509,1.502979040145874,1.2527248859405518,1.5162593126296997,1.436979055404663,1.2341827154159546,1.2831239700317383,1.2390037775039673,1.5069572925567627
176,1.02,1.0822287797927856,1.314677357673645,1.1998205184936523,0.7499022483825684,1.3574156761169434,1.2013230323791504,0.8416131138801575,0.842613935470581,0.8695236444473267,0.8397855758666992
177,1.02,0.6965293288230896,0.9122105240821838,0.9505393505096436,0.6309707164764404,0.9969677925109863,0.9262875318527222,0.621984601020813,0.6437821984291077,0.6599158048629761,0.8675309419631958
178,1.02,1.039123773574829,1.232419729232788,0.9291248917579651,1.0527207851409912,1.4449033737182617,0.9074970483779907,0.9670606255531311,0.9781049489974976,0.9466859102249146,1.0240294933319092
179,1.02,0.5502578020095825,0.49690842628479004,0.4416743218898773,0.4233204126358032,0.5602415800094604,0.45022696256637573,0.40711820125579834,0.4108368158340454,0.40752390027046204,0.4817935824394226
180,1.02,1.0273728370666504,0.8664355278015137,0.7726644277572632,0.7519466876983643,1.4251668453216553,0.8015139102935791,0.7155500650405884,0.7168907523155212,0.700355052947998,0.8646531701087952
181,1.02,0.9372702240943909,1.0379531383514404,0.9406653642654419,0.5493493676185608,0.96368807554245,0.9409772157669067,0.6526432037353516,0.6473917961120605,0.6597442626953125,0.9697858095169067
182,1.02,0.7128545641899109,1.0413336753845215,0.8052355647087097,0.7801341414451599,0.9336894750595093,0.7510514855384827,0.742872953414917,0.7590491771697998,0.7144447565078735,0.8160347938537598
183,1.02,0.3849860727787018,0.47904324531555176,0.45222604274749756,0.43528246879577637,0.46517133712768555,0.498444139957428,0.5277689695358276,0.4659914970397949,0.5160118937492371,0.46831220388412476
184,1.02,0.3685784339904785,0.35632437467575073,0.351928174495697,0.3597901463508606,0.43214282393455505,0.37110015749931335,0.3903065621852875,0.37714630365371704,0.3843553960323334,0.34873291850090027
185,1.02,0.22068750858306885,0.33706483244895935,0.4850296378135681,0.5138512253761292,0.8292825222015381,0.516938328742981,0.29059818387031555,0.3625815510749817,0.3680152893066406,0.620595395565033
186,1.02,0.27784234285354614,0.4206570088863373,0.6047261953353882,0.5930240750312805,0.9817909002304077,0.6486549973487854,0.37589678168296814,0.4500841498374939,0.44917869567871094,0.43575072288513184
187,1.02,0.25295278429985046,0.33066415786743164,0.24173523485660553,0.36487632989883423,0.7077993154525757,0.36882922053337097,0.41193830966949463,0.39001527428627014,0.6049025058746338,0.8581583499908447
188,1.02,0.25353118777275085,0.3359249234199524,0.24232420325279236,0.34105542302131653,0.7584162950515747,0.370706707239151,0.37836331129074097,0.35062798857688904,0.5910559892654419,0.6330880522727966
189,1.02,0.17888399958610535,0.24917149543762207,0.20947647094726562,0.32965123653411865,0.6661264300346375,0.28385835886001587,0.20029300451278687,0.28989970684051514,0.4186950623989105,0.6551744937896729
190,1.02,0.22330957651138306,0.3180071711540222,0.32099097967147827,0.3955058455467224,0.8419250845909119,0.39634978771209717,0.23838630318641663,0.36729520559310913,0.42000898718833923,0.3534248173236847
191,1.02,0.45681095123291016,0.6954989433288574,0.8614704012870789,0.7725192308425903,0.9514510035514832,0.9335954189300537,0.8498761057853699,0.6274729371070862,0.827405571937561,0.6116191148757935
192,1.02,0.4546874165534973,0.7046688199043274,0.8622776865959167,0.7724509239196777,1.048127293586731,0.933617353439331,0.8205100297927856,0.6018847823143005,0.8247343301773071,0.5943295955657959
193,1.02,0.18189984560012817,0.32824182510375977,0.2602320611476898,0.3337155878543854,0.7454452514648438,0.39144033193588257,0.2743748426437378,0.3094179034233093,0.4278221130371094,0.37900182604789734
194,1.02,0.25589945912361145,0.3594827353954315,0.3041081428527832,0.3069196939468384,0.44345542788505554,0.3753933906555176,0.382109671831131,0.311897337436676,0.41963109374046326,0.4485342502593994
195,1.02,0.3184146285057068,0.31671059131622314,0.4047025442123413,0.37087464332580566,0.5136945247650146,0.3584131598472595,0.319347620010376,0.3822701573371887,0.3240657448768616,0.3442550003528595
196,1.02,0.27880191802978516,0.19683857262134552,0.327101469039917,0.33519893884658813,0.46811866760253906,0.364471971988678,0.3114253878593445,0.26649588346481323,0.3291681706905365,0.28248536586761475
197,1.02,0.4052950143814087,0.4227772355079651,0.394665002822876,0.4006677269935608,0.40326184034347534,0.4068083167076111,0.3908291161060333,0.41515395045280457,0.4382900595664978,0.41808873414993286
198,1.02,1.020477533340454,1.1118110418319702,1.0141054391860962,0.8998709917068481,0.7332231402397156,1.0385124683380127,0.8789169192314148,1.0158820152282715,1.0767685174942017,0.9851858019828796
199,1.02,0.5863057374954224,0.7156438827514648,0.5736934542655945,0.5325548648834229,0.6054719090461731,0.6139865517616272,0.5814172029495239,0.41853171586990356,0.5873087048530579,0.745516836643219
200,1.02,0.5862149596214294,0.717849850654602,0.5802011489868164,0.509728729724884,0.6055753231048584,0.6139888763427734,0.5964803695678711,0.4185357093811035,0.5873279571533203,0.7445405721664429
201,1.02,0.993172824382782,0.8598611354827881,0.865141749382019,0.8940776586532593,0.753443717956543,0.8781501650810242,0.7950109839439392,0.97261643409729,1.0041658878326416,0.9378424882888794
202,1.02,0.5639747381210327,0.6936314105987549,0.6032109260559082,0.5511108636856079,0.5978260040283203,0.6454346179962158,0.5685096383094788,0.540934681892395,0.6379671096801758,0.6418277025222778
203,1.02,0.5152908563613892,0.4914819002151489,0.49256137013435364,0.4460603594779968,0.3813322186470032,0.48918992280960083,0.438229501247406,0.5105507373809814,0.5136666297912598,0.4816061854362488
204,1.02,0.39727386832237244,0.4879534840583801,0.3895835876464844,0.37729114294052124,0.34591302275657654,0.3653114438056946,0.4191264510154724,0.2946048974990845,0.34996557235717773,0.47779157757759094
205,1.02,0.5443626046180725,0.47225838899612427,0.4523860216140747,0.5056090950965881,0.43692779541015625,0.45284581184387207,0.4580916166305542,0.5301007032394409,0.5460055470466614,0.5364583134651184
206,1.02,0.5632736086845398,0.5308777093887329,0.6291346549987793,0.5328608155250549,0.4309965670108795,0.6403945684432983,0.5982442498207092,0.5499963760375977,0.5417677760124207,1.00852632522583
207,1.02,0.9016368985176086,1.0168665647506714,0.9787253141403198,0.7005419731140137,0.4321690499782562,1.1065266132354736,1.1038868427276611,0.8654602766036987,0.7084623575210571,1.4598865509033203
208,1.02,1.130711555480957,1.2309119701385498,1.9018535614013672,1.328997254371643,1.0304670333862305,1.7070403099060059,1.545448899269104,1.1547940969467163,1.48866868019104,3.330904722213745
209,1.02,1.3624231815338135,1.559039831161499,1.7631027698516846,1.2736327648162842,0.6543864011764526,1.8401447534561157,1.7515392303466797,1.3647786378860474,1.2790954113006592,2.838243007659912
210,1.02,0.9497237205505371,1.1126352548599243,0.8773940205574036,0.48917755484580994,1.2457677125930786,0.6892107129096985,1.0320823192596436,0.795215368270874,0.9641599059104919,1.2237694263458252
211,1.02,0.49822932481765747,0.5586997270584106,0.8163330554962158,0.5908519625663757,0.470633327960968,0.7470203638076782,0.7802068591117859,0.6547541618347168,0.6718051433563232,1.4458434581756592
212,1.02,0.23985368013381958,0.30392301082611084,0.33854955434799194,0.2565397620201111,0.40582048892974854,0.2224157154560089,0.29394853115081787,0.2833651304244995,0.3289583623409271,0.5839875340461731
213,1.02,0.9091170430183411,1.1068873405456543,1.2223725318908691,0.866767406463623,0.44154971837997437,1.2620304822921753,1.2722712755203247,1.0387232303619385,0.9645946025848389,1.8973957300186157
214,1.02,0.5772145390510559,0.5247607827186584,0.524368166923523,0.48778700828552246,0.4543565809726715,0.5704230666160583,0.635484516620636,0.5997135043144226,0.5131953954696655,0.6469284296035767
215,1.02,0.3905012309551239,0.42492303252220154,0.4783441126346588,0.3006833791732788,0.36629393696784973,0.6113219261169434,0.31340843439102173,0.2614724636077881,0.41049420833587646,0.5398572683334351
216,1.02,0.5354483127593994,0.4919876754283905,0.5670844316482544,0.5416473746299744,0.4483778178691864,0.639499306678772,0.5224368572235107,0.3733415901660919,0.6060900688171387,0.6606435775756836
217,1.02,0.43620312213897705,0.5731717348098755,0.386435866355896,0.5286760330200195,0.6636316776275635,0.33274000883102417,0.4803768992424011,0.31042900681495667,0.38393062353134155,0.27091705799102783
218,1.02,0.5946836471557617,0.7182910442352295,0.6529516577720642,0.4928710460662842,0.6463867425918579,0.47133326530456543,0.6025443077087402,0.5456240773200989,0.6013630628585815,0.6400783061981201
219,1.02,0.6854506731033325,0.7721191644668579,0.6286563873291016,0.8217792510986328,0.9096792936325073,0.7790455222129822,0.7212945818901062,0.3821326792240143,0.7012971639633179,0.624252438545227
220,1.02,0.40548866987228394,0.4957519471645355,0.43394485116004944,0.3801472783088684,0.463680624961853,0.48598381876945496,0.4040790796279907,0.4102853536605835,0.40235191583633423,0.4091123342514038
221,1.02,0.449440062046051,0.5552635192871094,0.4811588525772095,0.47691935300827026,0.5098434090614319,0.6458908915519714,0.4309147000312805,0.24197418987751007,0.43213650584220886,0.4867703914642334
222,1.02,0.3918836712837219,0.4567851424217224,0.37458401918411255,0.4197729229927063,0.5284189581871033,0.18930500745773315,0.4027906656265259,0.3211594820022583,0.3852226138114929,0.3785959482192993
223,1.02,0.48191770911216736,0.5890057682991028,0.37569284439086914,0.6264878511428833,0.5939045548439026,0.2312801480293274,0.5310091972351074,0.3548160195350647,0.4468038082122803,0.2981577515602112
224,1.02,0.3680107593536377,0.38885387778282166,0.382870614528656,0.3644493520259857,0.3883574306964874,0.37654978036880493,0.3989148437976837,0.3751046657562256,0.36718225479125977,0.37465131282806396
225,1.02,0.5428295731544495,0.7975574135780334,0.6045595407485962,0.5525726675987244,0.4812502861022949,0.616392970085144,0.5809141397476196,0.5923634171485901,0.6473842859268188,0.6100578904151917
226,1.02,0.5818447470664978,0.8237491250038147,0.574751615524292,0.521674394607544,0.8568261861801147,0.5906376242637634,0.6406494379043579,0.652931809425354,0.7352403998374939,0.5689955353736877
227,1.02,0.7974116206169128,1.3093489408493042,0.8347920179367065,0.8000562191009521,1.055565595626831,0.8787164688110352,0.8003975749015808,0.6080660820007324,0.8182424306869507,0.7840001583099365
228,1.02,0.7677983641624451,1.0028671026229858,0.8646097183227539,0.7877238392829895,0.859426736831665,0.8783949613571167,0.9217718839645386,1.056596040725708,1.0672481060028076,0.9089528322219849
229,1.02,0.6214268207550049,0.872140645980835,0.6280787587165833,0.5885492563247681,0.7428918480873108,0.6754592657089233,0.606783926486969,0.5264066457748413,0.6731516122817993,0.6173005104064941
230,1.02,0.31270915269851685,0.3384924530982971,0.3198966979980469,0.3099612593650818,0.3538825213909149,0.3326757550239563,0.3328711986541748,0.3537125587463379,0.3627035617828369,0.31635090708732605
231,1.02,0.38132038712501526,0.3569313585758209,0.3964000344276428,0.3832145035266876,0.3744654059410095,0.38597118854522705,0.4062424302101135,0.2961607873439789,0.3474074900150299,0.3446190655231476
232,1.02,0.7733917236328125,0.8789072632789612,0.8704265356063843,0.7273228168487549,0.8108557462692261,0.8678870797157288,0.9347855448722839,1.1024246215820312,1.0913318395614624,0.951722264289856
233,1.02,0.24383926391601562,0.2507894039154053,0.2512293756008148,0.25844696164131165,0.2519247829914093,0.24543818831443787,0.25773489475250244,0.2399536520242691,0.24862828850746155,0.24253295361995697
234,1.02,1.2274160385131836,1.2480887174606323,1.1482573747634888,1.1928439140319824,0.8336789011955261,1.4125549793243408,1.200641393661499,1.0426243543624878,1.2086594104766846,1.4853602647781372
235,1.02,1.2894814014434814,1.2625606060028076,1.6614742279052734,1.0398616790771484,0.7486729621887207,1.6482295989990234,1.0882620811462402,1.117347002029419,1.0943995714187622,1.57260000705719
236,1.02,0.6975967288017273,0.666738748550415,0.9512494802474976,0.5366051197052002,0.4875263273715973,0.9379814863204956,0.5713447332382202,0.610325813293457,0.560840368270874,0.8346514105796814
237,1.02,0.9428959488868713,0.9246187210083008,0.894156277179718,1.0656042098999023,1.081207036972046,1.135423183441162,1.2385016679763794,1.2997015714645386,1.071091890335083,1.0048316717147827
238,1.02,0.592214822769165,0.5562964081764221,0.7067784070968628,0.5550132393836975,0.5916836857795715,0.7847576141357422,0.6659496426582336,0.5289185643196106,0.5963941216468811,0.6569424867630005
239,1.02,1.3252766132354736,1.349022626876831,1.1792465448379517,1.3258637189865112,1.1185600757598877,1.4691905975341797,1.4399598836898804,1.3490309715270996,1.377699851989746,1.5103681087493896
240,1.02,0.520961344242096,0.4158143997192383,0.6706109046936035,0.5452052354812622,0.5467100143432617,0.7572416067123413,0.6760803461074829,0.39747971296310425,0.5732932090759277,0.5764036178588867
241,1.02,0.7553709745407104,0.7760934829711914,0.7027301788330078,0.9060360193252563,0.6554806232452393,0.868198812007904,0.9764398336410522,0.6244450807571411,0.8565449118614197,0.8225932717323303
242,1.02,0.7722810506820679,0.9015107750892639,0.8099483847618103,0.8384966850280762,0.8541382551193237,0.810616135597229,0.7595329284667969,0.7798151969909668,0.7781742215156555,0.7537773847579956
243,1.02,0.6445162296295166,0.7395626306533813,0.7818068861961365,0.6058142781257629,0.634479284286499,0.7407154440879822,0.5676095485687256,0.5974990725517273,0.5743165612220764,0.5871394872665405
244,1.02,0.8877765536308289,1.1458168029785156,0.9094853401184082,0.7665188312530518,0.9243484139442444,1.1160264015197754,0.7867026329040527,0.8557063341140747,0.8441924452781677,0.8867350816726685
245,1.02,0.4831186830997467,0.5239777565002441,0.42336124181747437,0.4209432303905487,0.5461689829826355,0.43604493141174316,0.4071873128414154,0.4108550250530243,0.4156925678253174,0.6085569858551025
246,1.02,1.0551091432571411,1.1504859924316406,0.9885801076889038,1.102979063987732,1.2479528188705444,0.9737316370010376,0.9571858644485474,0.9801364541053772,0.9684803485870361,1.0496530532836914
247,1.02,1.1573841571807861,1.2219936847686768,1.2156506776809692,1.2579562664031982,1.4573423862457275,1.093554139137268,1.13798189163208,1.19254469871521,1.140415906906128,1.2362282276153564
248,1.02,1.4354065656661987,1.5938305854797363,1.5563939809799194,1.557544231414795,1.1034748554229736,1.480536699295044,1.4234719276428223,1.4662928581237793,1.4558167457580566,1.4252077341079712
249,1.02,0.485576331615448,0.5786136984825134,0.5403120517730713,0.5310482978820801,0.5844112634658813,0.6075713634490967,0.6176496744155884,0.5161952972412109,0.5381620526313782,0.45450013875961304
250,1.02,0.5060279369354248,0.8250056505203247,1.1412867307662964,0.9906383156776428,1.3275010585784912,1.1552274227142334,0.8184932470321655,0.7050911784172058,1.0032613277435303,0.34142279624938965
251,1.02,0.4558781385421753,0.5101955533027649,0.3176341652870178,0.49175089597702026,0.9023364186286926,0.656955361366272,0.5573947429656982,0.6283368468284607,0.4487042725086212,0.38418540358543396
252,1.02,0.31157249212265015,0.48731669783592224,0.3437972962856293,0.4223191738128662,0.6575970649719238,0.5842559933662415,0.5122986435890198,0.3981889486312866,0.30060651898384094,0.24108579754829407
253,1.02,0.44220298528671265,0.6100313663482666,0.6187776327133179,0.571561336517334,0.5496125221252441,0.7009180784225464,0.67726731300354,0.5331655740737915,0.5764614343643188,0.3670000433921814
254,1.02,0.523586630821228,0.5071755051612854,0.6608957052230835,0.6093789339065552,0.9005348086357117,0.6273344159126282,0.49521562457084656,0.6375814080238342,0.722258448600769,0.498417466878891
255,1.02,0.3965992331504822,0.4038250744342804,0.517126739025116,0.4958963096141815,0.5919679403305054,0.5650390386581421,0.5075739622116089,0.38484013080596924,0.48921000957489014,0.3343820571899414
256,1.02,0.3647957742214203,0.3555799424648285,0.34129005670547485,0.4152756929397583,0.3806818723678589,0.37105655670166016,0.37375497817993164,0.36510419845581055,0.4025163948535919,0.37760600447654724
257,1.02,0.5293492078781128,0.5815756916999817,0.5594164729118347,0.5999584197998047,0.4164202809333801,1.0340659618377686,0.5223706960678101,0.5592741966247559,0.6317950487136841,0.6861907243728638
258,1.02,0.4107217490673065,0.5046393871307373,0.37471139430999756,0.5445660352706909,0.4352048933506012,0.42750605940818787,0.4823419749736786,0.3114386200904846,0.3993408679962158,0.2737714946269989
259,1.02,0.48350629210472107,0.5683460235595703,0.5086990594863892,0.44040393829345703,0.49874335527420044,0.4939519762992859,0.4984234571456909,0.49117350578308105,0.4822607636451721,0.4643973112106323
260,1.02,0.2725144624710083,0.33318859338760376,0.3652893602848053,0.2548103928565979,0.28740474581718445,0.5913583040237427,0.24918879568576813,0.1590549349784851,0.3053443729877472,0.41306471824645996
261,1.02,0.38068947196006775,0.4022287428379059,0.4170668125152588,0.33718156814575195,0.3131658434867859,0.5820299983024597,0.33406758308410645,0.3015686571598053,0.39215198159217834,0.5086472034454346
262,1.02,0.33242344856262207,0.3201252222061157,0.2636098265647888,0.4680408239364624,0.2902945578098297,0.3944717347621918,0.37816476821899414,0.2816694974899292,0.3791191577911377,0.2953234016895294
263,1.02,0.28918686509132385,0.2607463002204895,0.2993062138557434,0.3007257580757141,0.3622967302799225,0.2925305962562561,0.28043052554130554,0.3336733877658844,0.33522990345954895,0.30737578868865967
264,1.02,0.21492907404899597,0.27556413412094116,0.24070683121681213,0.28803297877311707,0.2476770281791687,0.21046406030654907,0.2636181712150574,0.26605427265167236,0.15791505575180054,0.16829358041286469
265,1.02,0.15450236201286316,0.14187245070934296,0.11786399781703949,0.2181348204612732,0.21790844202041626,0.1687115579843521,0.16261987388134003,0.20710304379463196,0.10188203305006027,0.10263915359973907
266,1.02,0.14458853006362915,0.1303396373987198,0.14965350925922394,0.1503646969795227,0.181149423122406,0.14627604186534882,0.1402163952589035,0.16683387756347656,0.1676148623228073,0.15368692576885223
267,1.02,0.33182641863822937,0.34570246934890747,0.37899506092071533,0.4109560251235962,0.3843623995780945,0.3238272964954376,0.3896971046924591,0.3923700153827667,0.30689680576324463,0.30554577708244324
268,1.02,0.2891860008239746,0.25966519117355347,0.29908716678619385,0.3007180988788605,0.3625405728816986,0.2926603853702545,0.28043070435523987,0.3336712121963501,0.33436304330825806,0.30737388134002686
269,1.02,0.2891853153705597,0.2596594989299774,0.2990800738334656,0.30071941018104553,0.36254262924194336,0.29264935851097107,0.2804335653781891,0.33367106318473816,0.33436089754104614,0.30737626552581787
270,1.02,0.33055585622787476,0.33981236815452576,0.3685121536254883,0.37068670988082886,0.4344536066055298,0.3882110118865967,0.35477229952812195,0.3288307785987854,0.32805129885673523,0.4135529100894928
271,1.02,0.5551681518554688,0.6858124732971191,0.6499505043029785,1.0866445302963257,1.1096826791763306,0.9736659526824951,0.48409298062324524,0.703375518321991,0.8022788166999817,0.666445255279541
272,1.02,0.5148651599884033,0.7049493193626404,0.4046778976917267,0.5269449949264526,0.9375765919685364,0.6732586622238159,0.46380752325057983,0.6255485415458679,0.6048467755317688,0.7984244227409363
273,1.02,0.17453356087207794,0.379657506942749,0.35781288146972656,0.5743640661239624,0.5648492574691772,0.5631695985794067,0.3015972673892975,0.21241642534732819,0.332524836063385,0.7242240309715271
274,1.02,0.5443265438079834,0.5833199620246887,0.5335763692855835,0.6323099136352539,0.7333292365074158,0.47651243209838867,0.2637456953525543,0.6511911153793335,0.464596152305603,0.512955904006958
275,1.02,0.47999975085258484,0.48553788661956787,0.4239458441734314,0.4570760726928711,0.7052446007728577,0.47933560609817505,0.4243786334991455,0.5240815877914429,0.5410931706428528,0.5540801882743835
276,1.02,0.6045383214950562,0.7966791391372681,0.779822051525116,0.7981414794921875,0.8236539363861084,0.7475787997245789,0.6424273252487183,0.6354663372039795,0.6427326202392578,0.7700903415679932
277,1.02,0.374076783657074,0.42099064588546753,0.3227710723876953,0.41028279066085815,0.4815240502357483,0.3295130729675293,0.308132529258728,0.34343671798706055,0.3960449993610382,0.34534478187561035
278,1.02,0.4213186502456665,0.25617676973342896,0.36635997891426086,0.2342756688594818,0.277072548866272,0.2834138870239258,0.2367464303970337,0.2738630473613739,0.4208953082561493,0.20410989224910736
279,1.02,0.4624742865562439,0.5790716409683228,0.45268213748931885,0.35161060094833374,0.6585680842399597,0.470191091299057,0.30834195017814636,0.37496858835220337,0.36463072896003723,0.3968387842178345
280,1.02,0.4287257194519043,0.37189579010009766,0.38890397548675537,0.436212420463562,0.46697306632995605,0.41112881898880005,0.43966811895370483,0.41339781880378723,0.47703880071640015,0.4388934075832367
281,1.02,0.4398896396160126,0.41842934489250183,0.4801452159881592,0.22425240278244019,0.2791006565093994,0.3762224614620209,0.227054625749588,0.35371702909469604,0.43628790974617004,0.38636112213134766
282,1.02,0.5162954926490784,0.31105756759643555,0.39102068543434143,0.4064575135707855,0.5884292721748352,0.43321532011032104,0.4423249363899231,0.3909287452697754,0.5655632019042969,0.39556825160980225
283,1.02,0.490200936794281,0.6054664850234985,0.5070410966873169,0.37837767601013184,0.46624934673309326,0.5856654644012451,0.35318583250045776,0.4161052703857422,0.4241560995578766,0.3149428367614746
284,1.02,0.4887697398662567,0.5042892098426819,0.4762656092643738,0.5252309441566467,0.5203701257705688,0.5542380809783936,0.5230470895767212,0.5033321976661682,0.517146646976471,0.5071184039115906
285,1.02,0.8999701142311096,0.6578830480575562,0.9684419631958008,1.0427629947662354,0.8254809379577637,0.6148305535316467,0.5954834222793579,0.6681095957756042,0.9474056959152222,0.508725643157959
286,1.02,0.769375205039978,0.6031941771507263,0.7907280921936035,0.7864106297492981,0.6951256394386292,0.5949907302856445,0.2975820302963257,0.6382283568382263,0.7833994626998901,0.3995572626590729
287,1.02,0.6096855998039246,0.5118815302848816,0.5370586514472961,0.7615621089935303,0.5438879728317261,0.5211944580078125,0.5642569661140442,0.5494624972343445,0.6809937953948975,0.5406721830368042
288,1.02,0.5434135794639587,0.38610023260116577,0.6576957106590271,0.3334519565105438,0.5706369280815125,0.5975039005279541,0.3580290377140045,0.3702103793621063,0.4618026912212372,0.453654408454895
289,1.02,0.44497933983802795,0.3040584623813629,0.4134237766265869,0.48690104484558105,0.23946744203567505,0.5511027574539185,0.20529383420944214,0.32284975051879883,0.43634355068206787,0.14603541791439056
290,1.02,0.7074776291847229,0.7255595922470093,0.6796687841415405,0.7222287654876709,0.783189594745636,0.6790879368782043,0.6103038787841797,0.7227828502655029,0.6852591037750244,0.5479754209518433
291,1.02,0.28180596232414246,0.25345414876937866,0.5709424614906311,0.27409178018569946,0.5886124968528748,0.4751270115375519,0.3918232321739197,0.3781193494796753,0.23811601102352142,0.30378758907318115
292,1.02,0.6338050365447998,0.3122624456882477,0.6449800133705139,0.40499234199523926,1.118483066558838,0.6816296577453613,0.641510546207428,0.5857744812965393,0.5522140264511108,0.4737849533557892
293,1.02,0.5354511141777039,0.4173193871974945,0.8220988512039185,0.4894249737262726,1.132249355316162,0.6653804779052734,0.6621770858764648,0.5936343669891357,0.509522557258606,0.4750893712043762
294,1.02,0.33342039585113525,0.2717382311820984,0.36090636253356934,0.23046541213989258,0.8749173879623413,0.5265737771987915,0.3698018789291382,0.23053115606307983,0.29021918773651123,0.31062108278274536
295,1.02,0.33693572878837585,0.2518078088760376,0.2711288630962372,0.2538982927799225,0.3341130018234253,0.2190038412809372,0.42195355892181396,0.36032721400260925,0.3596038222312927,0.2812979519367218
296,1.02,0.5846889019012451,0.38774722814559937,0.8578762412071228,0.47919750213623047,1.0569489002227783,0.6305394768714905,0.6835455894470215,0.6318610906600952,0.5442215800285339,0.5027185082435608
297,1.02,0.7648681402206421,0.5035461187362671,0.7677249908447266,0.5044698119163513,0.9701105356216431,0.7863366007804871,0.7767003178596497,0.7817919254302979,0.6678484082221985,0.5031678676605225
298,1.02,0.7396267652511597,1.0452266931533813,0.9123170971870422,0.6971471905708313,0.9581770300865173,0.841262698173523,0.7381271123886108,0.739356279373169,0.6760470867156982,0.8596400618553162
299,1.02,0.6444419026374817,0.9372397065162659,0.7842960953712463,0.5423118472099304,0.7790699005126953,0.7493407726287842,0.5843344330787659,0.5974937677383423,0.5743417739868164,0.781001091003418
300,1.02,1.4801417589187622,1.5141456127166748,1.1867687702178955,1.365297555923462,2.3777496814727783,1.2884485721588135,1.2678219079971313,1.2670338153839111,1.2112376689910889,1.3445594310760498
301,1.02,0.8709937334060669,1.090424656867981,1.0007895231246948,0.6119943857192993,1.0930688381195068,0.9917604327201843,0.6739732027053833,0.7055564522743225,0.6874008774757385,1.378782868385315
302,1.02,0.7275118827819824,0.9790259599685669,0.8246451616287231,0.7562121152877808,1.1277999877929688,0.7949191331863403,0.7620508074760437,0.7441102862358093,0.7313670516014099,0.831894040107727
303,1.02,1.3081910610198975,1.8082447052001953,1.5555815696716309,1.0826398134231567,1.5000479221343994,1.513248085975647,1.2464826107025146,1.1926112174987793,1.1799780130386353,1.5702624320983887
304,1.02,0.6317983865737915,0.6920204758644104,0.6232342720031738,0.6537986993789673,0.905546247959137,0.6320943832397461,0.6617661714553833,0.6251062750816345,0.6608344316482544,0.6455847024917603
305,1.02,0.6239428520202637,0.7307261228561401,0.5718018412590027,0.639744222164154,0.6374692320823669,0.6550190448760986,0.5398346185684204,0.5490664839744568,0.7508106231689453,0.7317091226577759
306,1.02,1.3598763942718506,0.8813372254371643,1.3117547035217285,1.1191065311431885,1.0691673755645752,1.2325679063796997,1.1345759630203247,1.2138543128967285,1.58897066116333,1.421769142150879
307,1.02,1.3997364044189453,0.8486601710319519,1.3103009462356567,0.9896206855773926,1.2438998222351074,1.104814052581787,1.41624116897583,1.1401795148849487,0.8509557247161865,1.5297657251358032
308,1.02,0.8532087206840515,0.9030932188034058,0.8840717077255249,0.8814409971237183,0.8795191049575806,0.8709409236907959,0.9722241163253784,0.7775154709815979,1.0005316734313965,0.8162579536437988
309,1.02,0.7038488388061523,0.4504252076148987,0.660550057888031,0.5531224608421326,0.633144736289978,0.5880309343338013,0.6316841840744019,0.6570807695388794,0.6285414099693298,0.6950846314430237
310,1.02,0.5516223311424255,0.8172421455383301,0.6137124300003052,0.6082330346107483,0.5259342193603516,0.6788302063941956,0.8350154161453247,0.42113691568374634,0.9108515977859497,0.6827147006988525
311,1.02,1.2407331466674805,0.6853057146072388,1.0638370513916016,0.9264428019523621,0.947465181350708,1.0086102485656738,0.8237273693084717,0.9476221203804016,1.1005693674087524,1.3558881282806396
